name,email
Esdras,ebarstock0@ehow.com
Duane,dsnoxell1@sfgate.com
Skyler,sgavrielli2@google.co.jp
Sergio,svinick3@vimeo.com
Marten,mhaswall4@auda.org.au
Adolphe,afilippo5@oakley.com
Niels,nodd6@purevolume.com
Lovell,lbrugman7@digg.com
Padriac,pconahy8@constantcontact.com
Chip,cpanswick9@smugmug.com
Garfield,grovea@senate.gov
Reg,rboggonb@exblog.jp
Sansone,sbrunrothc@unicef.org
Gianni,gpland@google.nl
Thurstan,tsnowdinge@loc.gov
Percy,phendrickxf@nifty.com
Lindsay,lfarneyg@acquirethisname.com
Giorgi,gchartersh@un.org
Tan,ttomlinsoni@webeden.co.uk
Murdock,mbebbellj@smugmug.com
Carter,chuntk@joomla.org
Hans,hrikardl@odnoklassniki.ru
Thom,twarcupm@answers.com
Laurie,lbrienn@unc.edu
Brendin,bmcclintocko@google.com.br
Giffy,rboggonb@exblog.jp
Any,rboggonb@exblog.jp
Dallon,dbutlandr@mit.edu
Broddy,bdemulletts@drupal.org
Crosby,craet@fema.gov
Loy,rboggonb@exblog.jp
Hamish,hosbidstonv@themeforest.net
Brandon,bkestianw@nytimes.com
Ansell,asafontx@theguardian.com
Burlie,bpetriey@boston.com
Alvis,ahackleyz@symantec.com
Sam,rboggonb@exblog.jp
Ozzie,orothery11@bluehost.com
Mill,rboggonb@exblog.jp
Lammond,lkoppel13@slate.com
Bud,rboggonb@exblog.jp
Ethe,ekrienke15@dailymail.co.uk
Fabio,fderdes16@people.com.cn
Renato,rzmitrichenko17@furl.net
Clayborn,cdiwell18@eepurl.com
Khalil,kmacgeffen19@soundcloud.com
Carver,chuckleby1a@shop-pro.jp
Eugen,rboggonb@exblog.jp
Noam,nmccaw1c@weibo.com
Reinold,rboggonb@exblog.jp
